hour, t(sec), V1, VAngle1, V2, VAngle2, V3, VAngle3, I1, IAngle1, I2, IAngle2, I3, IAngle3
0, 0.00000, 2536.35, -0.0128992, 2491.58, -120.013, 2536.39, 119.984, 565.425, -29.2897, 411.15, -140.342, 598.478, 93.2465
